<application>
  <component name="ToStringTemplates">
    <option name="defaultTempalteName" value="NonNulls" />
    <option name="templates">
      <list>
        <TemplateResource>
          <option name="fileName" value="NonNulls" />
          <option name="template" value="public java.lang.String toString() {&#10;#if ( $members.size() &gt; 0 )&#10;    return &quot;$classname{&quot; +&#10;#foreach( $member in $members )&#10;($member.name!= null ? &quot;$member.name=&quot; + $member.name + &quot;, &quot; : &quot;&quot;) +&#10;#end&#10;'}';&#10;#else&#10;    return &quot;$classname{}&quot;;&#10;#end&#10;}" />
        </TemplateResource>
      </list>
    </option>
  </component>
</application>