<keymap version="1" name="Default copy" parent="$default">
  <action id="AddToFavoritesPopup" />
  <action id="CloseActiveTab">
    <keyboard-shortcut first-keystroke="ctrl w" />
  </action>
  <action id="CloseAllEditors">
    <keyboard-shortcut first-keystroke="shift ctrl w" />
  </action>
  <action id="CloseContent">
    <keyboard-shortcut first-keystroke="ctrl f4" />
    <keyboard-shortcut first-keystroke="ctrl w" />
  </action>
  <action id="Diff.ApplyLeftSide">
    <keyboard-shortcut first-keystroke="alt left" />
  </action>
  <action id="Diff.ApplyRightSide">
    <keyboard-shortcut first-keystroke="alt right" />
  </action>
  <action id="Diff.NextChange" />
  <action id="Diff.PrevChange" />
  <action id="EditorJoinLines">
    <keyboard-shortcut first-keystroke="shift ctrl j" />
    <keyboard-shortcut first-keystroke="ctrl j" />
  </action>
  <action id="EditorSelectWord" />
  <action id="EditorUnSelectWord" />
  <action id="ExpressionTypeInfo" />
  <action id="Generate">
    <keyboard-shortcut first-keystroke="alt insert" />
    <keyboard-shortcut first-keystroke="alt delete" />
  </action>
  <action id="Git.Branches">
    <keyboard-shortcut first-keystroke="shift ctrl back_quote" />
    <keyboard-shortcut first-keystroke="alt b" />
  </action>
  <action id="Git.Fetch">
    <keyboard-shortcut first-keystroke="shift alt f" />
  </action>
  <action id="Git.Pull">
    <keyboard-shortcut first-keystroke="shift alt p" />
    <keyboard-shortcut first-keystroke="shift ctrl p" />
  </action>
  <action id="InsertLiveTemplate" />
  <action id="MakeModule">
    <keyboard-shortcut first-keystroke="ctrl b" />
  </action>
  <action id="NextTab" />
  <action id="PreviousTab" />
  <action id="SafeDelete" />
  <action id="Vcs.Push">
    <keyboard-shortcut first-keystroke="shift ctrl k" />
    <keyboard-shortcut first-keystroke="shift alt k" />
  </action>
  <action id="ZoomCurrentWindow">
    <mouse-shortcut keystroke="button3" />
  </action>
  <action id="hg4idea.QPushAction" />
  <action id="tasks.create.changelist">
    <keyboard-shortcut first-keystroke="alt c" />
  </action>
</keymap>